{"threshold":0.5,"intercept":1.0774302,"params":{"v":1,"dim":[7],"data":[-0.0152684655,-0.025547827,0.30517924,0.016080191,-0.18331558,0.023090122,0.048900593]},"labels":{"pos":{"class":"invalid","label":1.0},"neg":{"class":"valid","label":-1.0}}}
